country,first_name,last_name,subdomain,full_url
UK,Alex,Ballinger,aballinger,aballinger.caseworkermp.com
UK,Lisa,Pugh,lpugh,lpugh.caseworkermp.com
UK,Stewart,Holroyd,sholroyd,sholroyd.caseworkermp.com
UK,Parmjit,Sahota,psahota,psahota.caseworkermp.com
UK,Matt,Collins,mcollins,mcollins.caseworkermp.com
UK,Trevor,Mak,trevormak,trevormak.caseworkermp.com
UK,Imogen,Lawrie,ilawrie,ilawrie.caseworkermp.com
UK,Morgan,Gearing,mgearing,mgearing.caseworkermp.com
UK,Alex,Anthony,aalexander,aalexander.caseworkermp.com
UK,Rachael,Gardener,rgardener,rgardener.caseworkermp.com
UK,Patrick,Owen-Meehan,powenmeehan,powenmeehan.caseworkermp.com
UK,Elsie,Greenwood,egreenwood,egreenwood.caseworkermp.com
Canada,Mark,Carney,mcarney,mcarney.caseworkermp.com
Canada,Dominic,LeBlanc,dleblanc,dleblanc.caseworkermp.com
Canada,Francois-Philippe,Champagne,fchampagne,fchampagne.caseworkermp.com
Canada,Melanie,Joly,mjoly,mjoly.caseworkermp.com
Canada,Anita,Anand,aanand,aanand.caseworkermp.com
Canada,Sean,Fraser,sfraser,sfraser.caseworkermp.com
Canada,Patty,Hajdu,phajdu,phajdu.caseworkermp.com
Canada,David,McGuinty,dmcguinty,dmcguinty.caseworkermp.com
Canada,Steven,MacKinnon,smackinnon,smackinnon.caseworkermp.com
Canada,Gregor,Robertson,grobertson,grobertson.caseworkermp.com
Canada,Joel,Lightbound,jlightbound,jlightbound.caseworkermp.com
Canada,Julie,Dabrusin,jdabrusin,jdabrusin.caseworkermp.com
Canada,Tim,Hodgson,thodgson,thodgson.caseworkermp.com
Canada,Evan,Solomon,esolomon,esolomon.caseworkermp.com
Canada,Rebecca,Chartrand,rchartrand,rchartrand.caseworkermp.com
Canada,Jill,McKnight,jmcknight,jmcknight.caseworkermp.com
Canada,Eleanor,Olszewski,eolszewski,eolszewski.caseworkermp.com
Canada,Mandy,Gull-Masty,mgullmasty,mgullmasty.caseworkermp.com
Canada,Marc,Miller,mmiller,mmiller.caseworkermp.com
Canada,Ziad,Aboultaif,zaboultaif,zaboultaif.caseworkermp.com
Canada,Sima,Acan,simacan,simacan.caseworkermp.com
Canada,Scott,Aitchison,saitchison,saitchison.caseworkermp.com
Canada,Fares,Al Soud,falsoud,falsoud.caseworkermp.com
Canada,Dan,Albas,dalbas,dalbas.caseworkermp.com
Canada,Shafqat,Ali,shafqatali,shafqatali.caseworkermp.com
Canada,Dean,Allison,dallison,dallison.caseworkermp.com
Canada,Rebecca,Alty,rebeccaalty,rebeccaalty.caseworkermp.com
Canada,Gary,Anandasangaree,ganandasangaree,ganandasangaree.caseworkermp.com
Canada,Scott,Anderson,sanderson,sanderson.caseworkermp.com
Canada,Carol,Anstey,canstey,canstey.caseworkermp.com
Canada,Mel,Arnold,marnold,marnold.caseworkermp.com
Canada,Chak,Au,chakau,chakau.caseworkermp.com
Canada,Tatiana,Auguste,tauguste,tauguste.caseworkermp.com
Canada,Roman,Baber,rbaber,rbaber.caseworkermp.com
Canada,Burton,Bailey,bbailey,bbailey.caseworkermp.com
Canada,Parm,Bains,pbains,pbains.caseworkermp.com
Canada,Yvan,Baker,ybaker,ybaker.caseworkermp.com
Canada,Tony,Baldinelli,tbaldinelli,tbaldinelli.caseworkermp.com
Canada,Karim,Bardeesy,kbardeesy,kbardeesy.caseworkermp.com
Canada,John,Barlow,jbarlow,jbarlow.caseworkermp.com
Canada,Michael,Barrett,mbarrett,mbarrett.caseworkermp.com
Canada,Xavier,Barsalou-Duval,xbarsalouduval,xbarsalouduval.caseworkermp.com
Canada,Jaime,Battiste,jbattiste,jbattiste.caseworkermp.com
Canada,Mario,Beaulieu,mbeaulieu,mbeaulieu.caseworkermp.com
Canada,Terry,Beech,tbeech,tbeech.caseworkermp.com
Canada,Buckley,Belanger,bbelanger,bbelanger.caseworkermp.com
Canada,Jim,Belanger,jbelanger,jbelanger.caseworkermp.com
Canada,Rachel,Bendayan,rbendayan,rbendayan.caseworkermp.com
Canada,Luc,Berthold,lberthold,lberthold.caseworkermp.com
Canada,David,Bexte,dbexte,dbexte.caseworkermp.com
Canada,James,Bezan,jbezan,jbezan.caseworkermp.com
Canada,Chris,Bittle,cbittle,cbittle.caseworkermp.com
Canada,Bill,Blair,bblair,bblair.caseworkermp.com
Canada,Yves-Francois,Blanchet,yblanchet,yblanchet.caseworkermp.com
Canada,Maxime,Blanchette-Joncas,mblanchettejoncas,mblanchettejoncas.caseworkermp.com
Canada,Kelly,Block,kblock,kblock.caseworkermp.com
Canada,Kody,Blois,kblois,kblois.caseworkermp.com
Canada,Patrick,Bonin,pbonin,pbonin.caseworkermp.com
Canada,Steven,Bonk,sbonk,sbonk.caseworkermp.com
Canada,Kathy,Borrelli,kborrelli,kborrelli.caseworkermp.com
Canada,Francis,Scarpaleggia,fscarpaleggia,fscarpaleggia.caseworkermp.com
Canada,Matt,Jeneroux,mjeneroux,mjeneroux.caseworkermp.com
Canada,Steven,Guilbeault,sguilbeault,sguilbeault.caseworkermp.com
Canada,Michael,Ma,michaelma,michaelma.caseworkermp.com
