country,first_name,last_name,subdomain,full_url,status_code,result
UK,Alex,Ballinger,aballinger,aballinger.caseworkermp.com,200,OK
UK,Lisa,Pugh,lpugh,lpugh.caseworkermp.com,500,OTHER_500
UK,Stewart,Holroyd,sholroyd,sholroyd.caseworkermp.com,500,OTHER_500
UK,Parmjit,Sahota,psahota,psahota.caseworkermp.com,500,OTHER_500
UK,Matt,Collins,mcollins,mcollins.caseworkermp.com,500,OTHER_500
UK,Trevor,Mak,trevormak,trevormak.caseworkermp.com,500,OTHER_500
UK,Imogen,Lawrie,ilawrie,ilawrie.caseworkermp.com,500,OTHER_500
UK,Morgan,Gearing,mgearing,mgearing.caseworkermp.com,500,OTHER_500
UK,Alex,Anthony,aalexander,aalexander.caseworkermp.com,500,OTHER_500
UK,Rachael,Gardener,rgardener,rgardener.caseworkermp.com,500,OTHER_500
UK,Patrick,Owen-Meehan,powenmeehan,powenmeehan.caseworkermp.com,500,OTHER_500
UK,Elsie,Greenwood,egreenwood,egreenwood.caseworkermp.com,500,OTHER_500
Canada,Mark,Carney,mcarney,mcarney.caseworkermp.com,500,OTHER_500
Canada,Dominic,LeBlanc,dleblanc,dleblanc.caseworkermp.com,500,OTHER_500
Canada,Francois-Philippe,Champagne,fchampagne,fchampagne.caseworkermp.com,500,OTHER_500
Canada,Melanie,Joly,mjoly,mjoly.caseworkermp.com,500,OTHER_500
Canada,Anita,Anand,aanand,aanand.caseworkermp.com,500,OTHER_500
Canada,Sean,Fraser,sfraser,sfraser.caseworkermp.com,500,OTHER_500
Canada,Patty,Hajdu,phajdu,phajdu.caseworkermp.com,500,OTHER_500
Canada,David,McGuinty,dmcguinty,dmcguinty.caseworkermp.com,500,OTHER_500
Canada,Steven,MacKinnon,smackinnon,smackinnon.caseworkermp.com,500,OTHER_500
Canada,Gregor,Robertson,grobertson,grobertson.caseworkermp.com,500,OTHER_500
Canada,Joel,Lightbound,jlightbound,jlightbound.caseworkermp.com,500,OTHER_500
Canada,Julie,Dabrusin,jdabrusin,jdabrusin.caseworkermp.com,500,OTHER_500
Canada,Tim,Hodgson,thodgson,thodgson.caseworkermp.com,500,OTHER_500
Canada,Evan,Solomon,esolomon,esolomon.caseworkermp.com,500,OTHER_500
Canada,Rebecca,Chartrand,rchartrand,rchartrand.caseworkermp.com,500,OTHER_500
Canada,Jill,McKnight,jmcknight,jmcknight.caseworkermp.com,500,OTHER_500
Canada,Eleanor,Olszewski,eolszewski,eolszewski.caseworkermp.com,500,OTHER_500
Canada,Mandy,Gull-Masty,mgullmasty,mgullmasty.caseworkermp.com,500,OTHER_500
Canada,Marc,Miller,mmiller,mmiller.caseworkermp.com,200,OK
Canada,Ziad,Aboultaif,zaboultaif,zaboultaif.caseworkermp.com,500,OTHER_500
Canada,Sima,Acan,simacan,simacan.caseworkermp.com,500,OTHER_500
Canada,Scott,Aitchison,saitchison,saitchison.caseworkermp.com,500,OTHER_500
Canada,Fares,Al Soud,falsoud,falsoud.caseworkermp.com,500,OTHER_500
Canada,Dan,Albas,dalbas,dalbas.caseworkermp.com,500,OTHER_500
Canada,Shafqat,Ali,shafqatali,shafqatali.caseworkermp.com,500,OTHER_500
Canada,Dean,Allison,dallison,dallison.caseworkermp.com,500,OTHER_500
Canada,Rebecca,Alty,rebeccaalty,rebeccaalty.caseworkermp.com,500,OTHER_500
Canada,Gary,Anandasangaree,ganandasangaree,ganandasangaree.caseworkermp.com,500,OTHER_500
Canada,Scott,Anderson,sanderson,sanderson.caseworkermp.com,200,OK
Canada,Carol,Anstey,canstey,canstey.caseworkermp.com,500,OTHER_500
Canada,Mel,Arnold,marnold,marnold.caseworkermp.com,500,OTHER_500
Canada,Chak,Au,chakau,chakau.caseworkermp.com,500,OTHER_500
Canada,Tatiana,Auguste,tauguste,tauguste.caseworkermp.com,500,OTHER_500
Canada,Roman,Baber,rbaber,rbaber.caseworkermp.com,500,OTHER_500
Canada,Burton,Bailey,bbailey,bbailey.caseworkermp.com,500,OTHER_500
Canada,Parm,Bains,pbains,pbains.caseworkermp.com,500,OTHER_500
Canada,Yvan,Baker,ybaker,ybaker.caseworkermp.com,500,OTHER_500
Canada,Tony,Baldinelli,tbaldinelli,tbaldinelli.caseworkermp.com,500,OTHER_500
Canada,Karim,Bardeesy,kbardeesy,kbardeesy.caseworkermp.com,500,OTHER_500
Canada,John,Barlow,jbarlow,jbarlow.caseworkermp.com,500,OTHER_500
Canada,Michael,Barrett,mbarrett,mbarrett.caseworkermp.com,500,OTHER_500
Canada,Xavier,Barsalou-Duval,xbarsalouduval,xbarsalouduval.caseworkermp.com,500,OTHER_500
Canada,Jaime,Battiste,jbattiste,jbattiste.caseworkermp.com,500,OTHER_500
Canada,Mario,Beaulieu,mbeaulieu,mbeaulieu.caseworkermp.com,500,OTHER_500
Canada,Terry,Beech,tbeech,tbeech.caseworkermp.com,500,OTHER_500
Canada,Buckley,Belanger,bbelanger,bbelanger.caseworkermp.com,500,OTHER_500
Canada,Jim,Belanger,jbelanger,jbelanger.caseworkermp.com,500,OTHER_500
Canada,Rachel,Bendayan,rbendayan,rbendayan.caseworkermp.com,500,OTHER_500
Canada,Luc,Berthold,lberthold,lberthold.caseworkermp.com,500,OTHER_500
Canada,David,Bexte,dbexte,dbexte.caseworkermp.com,500,OTHER_500
Canada,James,Bezan,jbezan,jbezan.caseworkermp.com,500,OTHER_500
Canada,Chris,Bittle,cbittle,cbittle.caseworkermp.com,500,OTHER_500
Canada,Bill,Blair,bblair,bblair.caseworkermp.com,500,OTHER_500
Canada,Yves-Francois,Blanchet,yblanchet,yblanchet.caseworkermp.com,500,OTHER_500
Canada,Maxime,Blanchette-Joncas,mblanchettejoncas,mblanchettejoncas.caseworkermp.com,500,OTHER_500
Canada,Kelly,Block,kblock,kblock.caseworkermp.com,500,OTHER_500
Canada,Kody,Blois,kblois,kblois.caseworkermp.com,500,OTHER_500
Canada,Patrick,Bonin,pbonin,pbonin.caseworkermp.com,500,OTHER_500
Canada,Steven,Bonk,sbonk,sbonk.caseworkermp.com,500,OTHER_500
Canada,Kathy,Borrelli,kborrelli,kborrelli.caseworkermp.com,500,OTHER_500
Canada,Francis,Scarpaleggia,fscarpaleggia,fscarpaleggia.caseworkermp.com,500,OTHER_500
Canada,Matt,Jeneroux,mjeneroux,mjeneroux.caseworkermp.com,500,OTHER_500
Canada,Steven,Guilbeault,sguilbeault,sguilbeault.caseworkermp.com,500,OTHER_500
Canada,Michael,Ma,michaelma,michaelma.caseworkermp.com,500,OTHER_500
